"departement","nb.catnat","nb.catnat_10ans","nb.catnat_5ans","nb.catnat_1ans","dur√©e","duree_10ans","duree_5ans","duree_1ans","risque"
"01",3970,57,37,5,6.71963276836158,1.125,1.52777777777778,0.2,"Inondation"
"02",17993,218,179,20,5.56240938447344,1.21617161716172,1.45858585858586,0.05,"Inondation"
"03",9210,64,25,16,3.46107784431138,0.290322580645161,0.520833333333333,0.5,"Inondation"
"04",2626,115,89,11,1.28088235294118,0.774193548387097,0.816901408450704,0.0555555555555556,"Inondation"
"05",509,31,18,5,1.84375,0.166666666666667,0.117647058823529,0,"Inondation"
"06",36305,355,208,11,1.8918360761536,1.05892857142857,1.03692614770459,0.909090909090909,"Inondation"
"07",19999,447,92,39,2.23284710967045,1.07668439716312,0.285714285714286,0.105263157894737,"Inondation"
"08",14844,172,127,4,6.83191721132898,1.08438818565401,1.48082595870206,0,"Inondation"
"09",7526,152,118,64,2.6973026973027,1.77027027027027,1.86206896551724,2.92063492063492,"Inondation"
"10",4413,289,168,21,5.34520884520885,10.5707547169811,16.252,0.177083333333333,"Inondation"
"11",47841,655,501,12,2.30093696763203,1.02487961476726,0.886221294363257,0.727272727272727,"Inondation"
"12",4717,109,46,9,2.2109479305741,0.994736842105263,0.545454545454545,0.222222222222222,"Inondation"
"13",14558,158,130,29,1.83523206751055,0.769953051643192,0.907246376811594,0.435897435897436,"Inondation"
"14",15101,125,96,9,6.17394145321485,0.322314049586777,0.347826086956522,0.777777777777778,"Inondation"
"15",4131,27,23,0,3.22624113475177,0.942307692307692,1.11363636363636,NA,"Inondation"
"16",12171,122,76,5,8.61007862759114,2.60593220338983,4.14189189189189,0,"Inondation"
"17",23357,129,96,8,9.11048588781708,1.45238095238095,1.93548387096774,0,"Inondation"
"18",8774,146,20,13,3.34472934472934,4.10955710955711,0.703703703703704,1.15151515151515,"Inondation"
"19",6113,34,26,6,3.24698795180723,0.403225806451613,0.543478260869565,0.333333333333333,"Inondation"
"21",4389,289,76,7,5.177736202058,2.74363636363636,6.08219178082192,1.57142857142857,"Inondation"
"22",9521,89,54,3,7.41903914590747,1.24705882352941,1.20192307692308,0,"Inondation"
"23",2419,17,15,8,3.76373626373626,0.176470588235294,0.2,0.375,"Inondation"
"24",26592,129,121,34,3.69294967613353,1.18548387096774,1.26724137931034,1.52941176470588,"Inondation"
"25",8827,126,45,5,7.09497549019608,2.59322033898305,7.89473684210526,0.2,"Inondation"
"26",18165,102,53,38,3.04955970790378,0.215686274509804,0.283018867924528,0.394736842105263,"Inondation"
"27",7960,231,192,5,6.18030973451327,3.98679867986799,4.63394683026585,0.8,"Inondation"
"28",3905,160,115,8,4.79920212765957,1.15972222222222,0.868686868686869,0.875,"Inondation"
"29",9965,163,28,6,4.61137975499678,1.57037037037037,0.214285714285714,0.5,"Inondation"
"2A",2744,181,103,37,1.46829710144928,1.40229885057471,1.455,0.972222222222222,"Inondation"
"2B",12776,459,132,68,1.14542214912281,1.04057279236277,1.07364341085271,0.930769230769231,"Inondation"
"30",32862,340,124,13,1.94523713826367,1.40189873417722,1.23478260869565,0.791666666666667,"Inondation"
"31",37595,328,213,98,4.31002497324295,1.30806451612903,1.21463414634146,2.20618556701031,"Inondation"
"32",18679,331,264,115,2.31566472742943,0.80518018018018,0.86039886039886,1.38317757009346,"Inondation"
"33",55016,482,355,50,4.31815135759676,2.28064516129032,2.60174418604651,0.551020408163265,"Inondation"
"34",32537,741,257,51,2.409375,1.11218985976268,1.04588394062078,1.39007092198582,"Inondation"
"35",6995,166,104,17,4.29929193899782,0.588028169014085,0.361742424242424,0.0625,"Inondation"
"36",9129,143,10,0,8.62885906040268,5.17957746478873,0,NA,"Inondation"
"37",7642,134,33,5,8.24868421052632,3.6015037593985,0.242424242424242,0.6,"Inondation"
"38",20555,181,107,32,4.38780394409343,0.947674418604651,0.331683168316832,0.321428571428571,"Inondation"
"39",10965,153,126,0,18.5024377726456,1.46099290780142,1.80701754385965,NA,"Inondation"
"40",10162,377,270,26,10.0213915298185,7.24575371549894,8.52898550724638,0.208333333333333,"Inondation"
"41",5558,189,3,0,7.44945159752027,5.95430107526882,0.333333333333333,NA,"Inondation"
"42",11290,80,54,32,8.61891310196395,0.487012987012987,0.365384615384615,0.258064516129032,"Inondation"
"43",6222,113,84,2,2.04254007398274,1.39090909090909,1.77777777777778,0,"Inondation"
"44",5451,116,67,6,7.01519536903039,1.3047619047619,0.566666666666667,0.6,"Inondation"
"45",5990,342,24,2,6.5922208281054,6.49703264094955,0.333333333333333,1.5,"Inondation"
"46",10983,64,57,16,3.26983447488584,1.70491803278689,1.92592592592593,0.25,"Inondation"
"47",29170,313,277,45,3.36321934179077,2.66077738515901,2.97570850202429,1.54761904761905,"Inondation"
"48",4376,120,81,2,2.32928942807626,1.77551020408163,2.15151515151515,0,"Inondation"
"49",16878,72,64,3,11.8172437915355,0.519774011299435,0.581699346405229,0,"Inondation"
"50",8493,67,48,10,5.20208333333333,0.642857142857143,0.391304347826087,0.666666666666667,"Inondation"
"51",6723,128,100,6,9.87470532767562,5.01553672316384,6.32037037037037,0,"Inondation"
"52",5747,128,91,0,7.84627329192547,1.63333333333333,1.80952380952381,NA,"Inondation"
"53",3681,129,102,16,3.48103632478632,0.174454828660436,0.148373983739837,0,"Inondation"
"54",22827,157,83,17,9.56481081858725,3.03973509933775,2.01875,0.647058823529412,"Inondation"
"55",8859,174,105,1,7.804698457223,3.54573170731707,2.859375,0,"Inondation"
"56",7078,178,21,2,7.75800156128025,1.36220472440945,0.238095238095238,0,"Inondation"
"57",24760,172,102,5,9.65343668285394,1.29245283018868,0.935483870967742,1,"Inondation"
"58",5725,21,9,7,3.38993710691824,0.80952380952381,0,0,"Inondation"
"59",20115,264,94,19,9.92591706539075,0.698478561549101,0.998039215686275,1.15789473684211,"Inondation"
"60",10332,222,139,4,7.46680384087792,1.12342342342342,1.42959770114943,0,"Inondation"
"61",4158,171,146,1,4.24465941152761,1.07537154989384,0.904761904761905,0,"Inondation"
"62",28515,451,223,17,9.86749948272295,1.68246051537822,0.906937394247039,0.117647058823529,"Inondation"
"63",13918,73,44,10,3.25653702482971,0.570422535211268,0.297619047619048,0.2,"Inondation"
"64",34571,756,484,96,1.97748829761025,1.46916666666667,1.31299927378359,0.411764705882353,"Inondation"
"65",15602,319,154,32,3.04016421195192,2.19263698630137,1.38120567375887,1.90322580645161,"Inondation"
"66",19668,319,117,6,2.22257162823201,1.53548387096774,1.49568965517241,0,"Inondation"
"67",14904,155,91,8,8.38912466843501,0.311111111111111,0.205128205128205,0.785714285714286,"Inondation"
"68",7686,116,47,1,3.53871906841339,0.37962962962963,0.325581395348837,0,"Inondation"
"69",21219,52,19,5,8.70079239302694,0.519607843137255,0.210526315789474,0.2,"Inondation"
"70",21839,99,52,0,4.78733073641254,0.768041237113402,1.42156862745098,NA,"Inondation"
"71",24753,177,74,9,7.34494338898484,1.10174418604651,1.02142857142857,0.222222222222222,"Inondation"
"72",9627,173,122,8,5.88280864197531,1.78301886792453,0.85,0,"Inondation"
"73",5880,117,56,5,2.71540312876053,0.897196261682243,1.07407407407407,0.2,"Inondation"
"74",6324,136,44,2,2.87527162103433,2.02827380952381,1.20940170940171,0,"Inondation"
"75",285,4,2,0,2.16666666666667,6.5,10.5,NA,"Inondation"
"76",22758,234,196,12,5.60848949460534,2.96116504854369,3.57738095238095,0,"Inondation"
"77",26253,632,365,8,13.2325417961237,6.50171019900498,6.74703440094899,0.125,"Inondation"
"78",8309,306,137,8,5.49539829853055,6.31626848691695,7.00387596899225,1,"Inondation"
"79",14173,42,35,9,13.6081994928149,0.4,0.333333333333333,0.222222222222222,"Inondation"
"80",9395,209,107,10,15.3238066219785,0.217821782178218,0.242718446601942,0,"Inondation"
"81",13937,225,114,4,2.16286496350365,1.16904761904762,1.49213836477987,0,"Inondation"
"82",17287,226,130,53,2.90785420944559,1.31027508090615,2.08261494252874,1.96153846153846,"Inondation"
"83",12028,323,222,20,3.87584946236559,1.01745098039216,1.01685393258427,0,"Inondation"
"84",12599,121,93,22,2.20314318975553,0.769230769230769,0.987179487179487,0.789473684210526,"Inondation"
"85",12496,74,56,0,7.57384889753567,0.925373134328358,1.14285714285714,NA,"Inondation"
"86",17788,92,23,2,9.70810949091839,0.804347826086957,0.173913043478261,0,"Inondation"
"87",2823,16,11,4,3.4989837398374,0,0,0,"Inondation"
"88",13026,58,45,1,8.86958845537146,0.452830188679245,0.55,1,"Inondation"
"89",6116,240,88,14,3.96284722222222,6.07390648567119,13.4560185185185,0.346153846153846,"Inondation"
"90",2112,28,3,0,3.24613003095975,0.166666666666667,0.666666666666667,NA,"Inondation"
"91",14868,352,155,19,11.5493399339934,4.39602925809822,3.01995305164319,0.588235294117647,"Inondation"
"92",2535,56,36,1,6.30990990990991,8.10576923076923,8.421875,0,"Inondation"
"93",4718,67,47,0,7.1845466155811,2.975,4.29166666666667,NA,"Inondation"
"94",5163,121,82,0,3.50634920634921,5.55392156862745,5.65671641791045,NA,"Inondation"
"95",9778,86,49,9,8.57370517928287,4.99397590361446,8.20833333333333,0,"Inondation"
"01",374,12,12,0,45,114.833333333333,114.833333333333,NA,"Mouvement Terrain"
"02",4396,9,9,0,5.89098173515982,94.5555555555556,94.5555555555556,NA,"Mouvement Terrain"
"03",2831,19,18,0,22.104347826087,334.631578947368,353.055555555556,NA,"Mouvement Terrain"
"04",443,42,32,0,122.404761904762,114.388888888889,146.642857142857,NA,"Mouvement Terrain"
"05",106,11,4,0,112.710526315789,235.9375,225.25,NA,"Mouvement Terrain"
"06",16122,218,118,0,8.43877950006982,13.4651422764228,20.5226449275362,NA,"Mouvement Terrain"
"07",395,5,4,0,46.2,249.6,312,NA,"Mouvement Terrain"
"08",2522,2,2,0,4.41447368421053,90.5,90.5,NA,"Mouvement Terrain"
"09",247,14,9,0,71.96,80.3076923076923,115.333333333333,NA,"Mouvement Terrain"
"10",1577,5,5,0,6.92626728110599,258,258,NA,"Mouvement Terrain"
"11",1460,86,86,0,198.123456790123,193.75,193.75,NA,"Mouvement Terrain"
"12",383,24,20,0,187.731707317073,158.304347826087,186.578947368421,NA,"Mouvement Terrain"
"13",1345,33,31,0,115.783625730994,207.629032258065,214.55,NA,"Mouvement Terrain"
"14",3690,8,4,0,5.78659611992945,56.25,107.75,NA,"Mouvement Terrain"
"15",1433,14,8,0,6.87121212121212,57.8461538461538,44.1428571428571,NA,"Mouvement Terrain"
"16",3170,28,27,0,20.6010101010101,221.928571428571,229,NA,"Mouvement Terrain"
"17",11833,31,31,0,10.9642857142857,265.451612903226,265.451612903226,NA,"Mouvement Terrain"
"18",2471,10,9,0,14.8956228956229,327.6,364,NA,"Mouvement Terrain"
"19",1962,14,12,0,9.59666666666667,110,130,NA,"Mouvement Terrain"
"21",28,3,2,0,27.75,30,45,NA,"Mouvement Terrain"
"22",2524,5,4,0,4.67313019390582,2.2,2,NA,"Mouvement Terrain"
"23",1127,2,1,0,4.32558139534884,46,91,NA,"Mouvement Terrain"
"24",7412,123,118,0,68.5385220125786,341.979338842975,349.521551724138,NA,"Mouvement Terrain"
"25",2555,7,3,1,5.39334470989761,124,242.666666666667,0,"Mouvement Terrain"
"26",391,14,6,0,49.2424242424242,107.571428571429,206.833333333333,NA,"Mouvement Terrain"
"27",2897,18,18,0,9.77057926829268,79.6111111111111,79.6111111111111,NA,"Mouvement Terrain"
"28",1725,36,28,0,15.6774193548387,151.78125,196.583333333333,NA,"Mouvement Terrain"
"29",2254,6,0,0,3.88474576271186,2,NA,NA,"Mouvement Terrain"
"2A",37,10,10,1,1.9,1.9,1.9,0,"Mouvement Terrain"
"2B",184,14,8,0,3.5,4,6.25,NA,"Mouvement Terrain"
"30",1778,39,38,0,84.5820895522388,287.717948717949,294.078947368421,NA,"Mouvement Terrain"
"31",8801,113,99,1,47.6414701803051,278.752212389381,316.808080808081,1,"Mouvement Terrain"
"32",5402,66,62,0,45.2831439393939,321.730769230769,342.827868852459,NA,"Mouvement Terrain"
"33",10322,88,72,0,40.4088820826952,276.879310344828,333.402777777778,NA,"Mouvement Terrain"
"34",963,61,40,0,156.126984126984,160.433333333333,240.175,NA,"Mouvement Terrain"
"35",1862,0,0,0,3.86337209302326,NA,NA,NA,"Mouvement Terrain"
"36",2882,16,16,0,22.2878228782288,315.9375,315.9375,NA,"Mouvement Terrain"
"37",4284,54,45,0,38.154702970297,250.259259259259,299.511111111111,NA,"Mouvement Terrain"
"38",2267,14,10,0,38.2727272727273,137.571428571429,189.2,NA,"Mouvement Terrain"
"39",3103,5,4,0,5,104.8,131,NA,"Mouvement Terrain"
"40",2710,28,20,1,9.55936675461741,77.5,85.6,0,"Mouvement Terrain"
"41",2479,35,27,0,29.9026548672566,243.171428571429,312.814814814815,NA,"Mouvement Terrain"
"42",89,5,5,0,212.25,254.6,254.6,NA,"Mouvement Terrain"
"43",135,11,11,0,289.333333333333,315.636363636364,315.636363636364,NA,"Mouvement Terrain"
"44",1573,1,1,0,5.2570281124498,364,364,NA,"Mouvement Terrain"
"45",3077,76,36,4,30.8522167487685,152.054794520548,271.529411764706,95,"Mouvement Terrain"
"46",2473,14,10,0,11.2125382262997,185.730769230769,267.944444444444,NA,"Mouvement Terrain"
"47",5802,79,70,0,44.7088554720134,219.557777777778,244.300505050505,NA,"Mouvement Terrain"
"48",58,5,3,0,35.0833333333333,52.375,104.25,NA,"Mouvement Terrain"
"49",5385,25,22,0,22.9088172043011,234.041666666667,267.47619047619,NA,"Mouvement Terrain"
"50",3313,1,1,0,4.66184448462929,364,364,NA,"Mouvement Terrain"
"51",2262,3,3,0,4.6547811993517,81.6666666666667,81.6666666666667,NA,"Mouvement Terrain"
"52",1724,1,1,0,4.84964200477327,364,364,NA,"Mouvement Terrain"
"53",1018,3,3,0,3.88095238095238,1,1,NA,"Mouvement Terrain"
"54",4872,20,19,0,15.459842519685,336.05,344.894736842105,NA,"Mouvement Terrain"
"55",2468,4,3,0,5.56120527306968,182.25,243,NA,"Mouvement Terrain"
"56",1487,0,0,0,4,NA,NA,NA,"Mouvement Terrain"
"57",5471,12,11,0,15.0073431241656,305.833333333333,282.636363636364,NA,"Mouvement Terrain"
"58",2346,36,34,0,39.2687861271676,343.083333333333,363.117647058824,NA,"Mouvement Terrain"
"59",4641,22,11,0,5.06401137980085,38.3636363636364,45.6363636363636,NA,"Mouvement Terrain"
"60",2850,5,5,1,6.38521126760563,145.6,145.6,0,"Mouvement Terrain"
"61",1412,4,4,0,6.26395939086294,194.5,194.5,NA,"Mouvement Terrain"
"62",6516,69,40,1,10.8357142857143,77.5970149253731,98.0526315789474,0,"Mouvement Terrain"
"63",3740,24,23,0,20.463,348.875,364,NA,"Mouvement Terrain"
"64",3081,135,73,2,21.6050955414013,25.9767441860465,34.7013888888889,2.5,"Mouvement Terrain"
"65",4660,117,22,2,6.07178631051753,15.4553571428571,72.5263157894737,2,"Mouvement Terrain"
"66",358,30,30,0,8,8.26666666666667,8.26666666666667,NA,"Mouvement Terrain"
"67",3092,6,5,0,13.0628571428571,182.333333333333,218.8,NA,"Mouvement Terrain"
"68",1780,1,1,0,4.96756756756757,364,364,NA,"Mouvement Terrain"
"69",112,3,3,0,158.142857142857,364,364,NA,"Mouvement Terrain"
"70",3833,8,7,0,6.75547445255474,193.125,207.714285714286,NA,"Mouvement Terrain"
"71",361,5,5,0,69.5416666666667,333.8,333.8,NA,"Mouvement Terrain"
"72",3856,39,38,0,24.6551120448179,281.25,289.2,NA,"Mouvement Terrain"
"73",772,26,10,0,5.48837209302326,16.9285714285714,29.375,NA,"Mouvement Terrain"
"74",1070,80,21,2,43.4794238683128,15.069696969697,7.42708333333333,3.5,"Mouvement Terrain"
"75",19,0,0,0,4,NA,NA,NA,"Mouvement Terrain"
"76",5938,24,14,0,6.35269461077844,78.3333333333333,37.3636363636364,NA,"Mouvement Terrain"
"77",4651,41,31,0,24.5490909090909,270.219512195122,340.483870967742,NA,"Mouvement Terrain"
"78",2762,38,31,0,31.9097354497355,230.716216216216,282.916666666667,NA,"Mouvement Terrain"
"79",6281,68,67,0,27.7865748709122,214.882352941176,216.761194029851,NA,"Mouvement Terrain"
"80",3315,10,4,1,10.8793911007026,0.3,0.5,2,"Mouvement Terrain"
"81",1107,64,57,0,268.419117647059,293.33064516129,322.571428571429,NA,"Mouvement Terrain"
"82",3922,61,58,0,84.0678294573643,324.125,341.131578947368,NA,"Mouvement Terrain"
"83",1681,61,52,0,139.959183673469,206.719298245614,239.622448979592,NA,"Mouvement Terrain"
"84",934,35,35,1,114.741666666667,195.514285714286,195.514285714286,1,"Mouvement Terrain"
"85",5503,19,19,0,8.0878169449598,147.631578947368,147.631578947368,NA,"Mouvement Terrain"
"86",7922,91,87,0,42.7575757575758,276.89010989011,288.942528735632,NA,"Mouvement Terrain"
"87",973,0,0,0,3.96446700507614,NA,NA,NA,"Mouvement Terrain"
"88",2927,14,14,0,13.1228406909789,343.5,343.5,NA,"Mouvement Terrain"
"89",2139,15,9,0,8.15068493150685,125.733333333333,204.333333333333,NA,"Mouvement Terrain"
"90",777,2,2,0,5.7910447761194,170.5,170.5,NA,"Mouvement Terrain"
"91",2542,20,10,0,15.9645833333333,160.342105263158,268.5,NA,"Mouvement Terrain"
"92",436,2,2,0,16.925,206.5,206.5,NA,"Mouvement Terrain"
"93",729,4,3,0,26.86,277.75,364,NA,"Mouvement Terrain"
"94",796,6,4,0,43.4067796610169,224.166666666667,334,NA,"Mouvement Terrain"
"95",2101,14,14,1,37.6489675516224,297.285714285714,297.285714285714,7,"Mouvement Terrain"
"01",2072,301,298,52,154.765193370166,155.664451827243,154.785234899329,176.711538461538,"Secheresse"
"02",768,95,95,37,209.403846153846,155.326315789474,155.326315789474,157.351351351351,"Secheresse"
"03",8739,593,543,17,264.398568019093,163.339897260274,168.663857677903,105.541666666667,"Secheresse"
"04",1569,119,48,45,278.648044692737,134.529411764706,180.0625,182,"Secheresse"
"05",87,21,17,14,185.346153846154,160.285714285714,165.882352941176,169,"Secheresse"
"06",6022,92,74,44,158.227748691099,200.641304347826,222.378378378378,161.340909090909,"Secheresse"
"07",3763,249,180,56,162.072147651007,153.179435483871,177.148044692737,180.375,"Secheresse"
"08",670,76,76,24,168.3375,164,164,151.333333333333,"Secheresse"
"09",1750,81,56,49,255.612359550562,140.641975308642,135.196428571429,137.897959183673,"Secheresse"
"10",1149,148,148,11,207.119402985075,131.52027027027,131.52027027027,165.272727272727,"Secheresse"
"11",11172,473,267,200,195.061538461538,151.353191489362,136.591760299625,139.285,"Secheresse"
"12",739,74,68,49,151.79,151.72972972973,146.382352941176,164.122448979592,"Secheresse"
"13",10830,224,128,77,335.050980392157,178.145454545455,147.453125,180.805194805195,"Secheresse"
"14",605,33,30,27,255.225806451613,96.3636363636364,91,91,"Secheresse"
"15",283,29,29,7,161.34375,130.214285714286,130.214285714286,143.285714285714,"Secheresse"
"16",5299,73,59,54,240.370669745958,103.191780821918,97.1694915254237,94.3888888888889,"Secheresse"
"17",18131,173,138,97,362.814763231198,121.404624277457,117.478260869565,126.773195876289,"Secheresse"
"18",7798,478,460,8,342.392811296534,120.977987421384,120.604575163399,168.928571428571,"Secheresse"
"19",1904,171,168,38,139.610810810811,116.964705882353,116.88622754491,149.105263157895,"Secheresse"
"21",2533,384,383,56,118.985347985348,131.007853403141,131.115485564304,137.982142857143,"Secheresse"
"22",11,1,1,1,91,91,91,91,"Secheresse"
"23",182,33,33,8,110.181818181818,110.181818181818,110.181818181818,90.5,"Secheresse"
"24",22175,218,190,151,590.638412489006,133.02752293578,130.705263157895,140.960264900662,"Secheresse"
"25",2379,312,312,70,132.5625,134.045307443366,134.045307443366,101.4,"Secheresse"
"26",2256,199,145,74,153.209090909091,141.688442211055,159.31724137931,175.851351351351,"Secheresse"
"27",809,50,38,27,222.979381443299,143.74,136.5,155.037037037037,"Secheresse"
"28",1582,62,62,2,473.5,91,91,91,"Secheresse"
"29",63,7,7,6,103.714285714286,103.714285714286,103.714285714286,106.166666666667,"Secheresse"
"2A",7,1,1,0,272,272,272,NA,"Secheresse"
"2B",5,1,0,0,91,91,NA,NA,"Secheresse"
"30",8881,512,268,142,161.015297906602,117.103515625,129.652985074627,126.246478873239,"Secheresse"
"31",34972,600,248,173,529.57304526749,178.44,107.971774193548,113.335260115607,"Secheresse"
"32",25470,660,373,337,627.027557216254,194.415151515152,160.458445040214,158.157270029674,"Secheresse"
"33",34220,542,342,334,273.568264972078,194.891143911439,171.587719298246,173.517964071856,"Secheresse"
"34",8434,344,191,40,253.56958250497,119.915697674419,97.7801047120419,95.575,"Secheresse"
"35",214,10,10,9,206.846153846154,91,91,91,"Secheresse"
"36",9945,378,322,39,443.847773766546,109.695767195767,106.574534161491,111.538461538462,"Secheresse"
"37",10162,230,214,120,345.469038208169,137.586956521739,129.616822429907,131.183333333333,"Secheresse"
"38",1102,99,99,36,154.559633027523,159.151515151515,159.151515151515,171.805555555556,"Secheresse"
"39",6875,584,572,98,138.710594315245,146.888698630137,145.833916083916,118.857142857143,"Secheresse"
"40",1689,127,120,120,305.058252427184,122.023622047244,115.491666666667,115.491666666667,"Secheresse"
"41",4880,148,148,44,699.610677083333,93.4391891891892,93.4391891891892,90.8409090909091,"Secheresse"
"42",2046,163,162,58,160.032432432432,166.368098159509,166.839506172839,174.086206896552,"Secheresse"
"43",1018,65,62,46,163.970297029703,189.061538461538,193.854838709677,208,"Secheresse"
"44",681,28,21,20,368.382716049383,129.892857142857,104,104.65,"Secheresse"
"45",8101,336,336,18,533.2094782955,122.952380952381,122.952380952381,90,"Secheresse"
"46",3944,182,160,69,385.020771513353,127.729281767956,119.75,147,"Secheresse"
"47",21701,392,224,224,273.97399068323,205.359897172237,153.013392857143,153.013392857143,"Secheresse"
"48",41,3,2,0,145.4,151.333333333333,181.5,NA,"Secheresse"
"49",7099,83,69,68,384.793650793651,165.542168674699,143.710144927536,144.5,"Secheresse"
"50",101,11,11,10,113.666666666667,115.818181818182,115.818181818182,118.3,"Secheresse"
"51",768,102,102,30,121.542372881356,125.06862745098,125.06862745098,118.3,"Secheresse"
"52",1561,214,214,10,139.588495575221,130.572815533981,130.572815533981,163.8,"Secheresse"
"53",66,0,0,0,82.5555555555556,NA,NA,NA,"Secheresse"
"54",11279,864,844,210,165.735085945399,121.115099009901,119.451776649746,92.7333333333333,"Secheresse"
"55",1417,181,181,15,154.478260869565,155.954285714286,155.954285714286,121.333333333333,"Secheresse"
"56",94,10,9,9,480,118.3,91,91,"Secheresse"
"57",12274,1085,1018,262,128.804012345679,117.382681564246,111.400198609732,91,"Secheresse"
"58",4449,446,445,2,198.019538188277,145.257847533632,145.38202247191,90,"Secheresse"
"59",13778,392,366,166,448.881346578366,140.174358974359,137.428571428571,148.469512195122,"Secheresse"
"60",594,55,53,33,223.390243902439,138.945454545455,132.188679245283,148.878787878788,"Secheresse"
"61",711,57,52,16,244.164705882353,116.59649122807,106.75,101.9375,"Secheresse"
"62",3992,210,204,129,448.785714285714,158.569377990431,156.990147783251,162.953488372093,"Secheresse"
"63",8070,388,357,55,470.60873015873,186.527397260274,195.489520958084,157.955882352941,"Secheresse"
"64",4859,116,113,111,332.456026058632,113.939655172414,113.778761061947,114.207207207207,"Secheresse"
"65",1433,46,37,34,876.715846994535,182.630434782609,170.486486486486,177.588235294118,"Secheresse"
"66",317,14,10,9,174.65,143.142857142857,109.3,101.222222222222,"Secheresse"
"67",1534,144,142,26,172.518518518519,149.419117647059,150.291044776119,125.653846153846,"Secheresse"
"68",140,19,17,0,268.4,224.894736842105,208.529411764706,NA,"Secheresse"
"69",4355,209,209,30,156.239436619718,155.33014354067,155.33014354067,178.966666666667,"Secheresse"
"70",2305,231,231,2,149.830188679245,158.489177489177,158.489177489177,182,"Secheresse"
"71",10515,784,782,88,127.408908908909,137.386683738796,137.507060333761,99.4204545454545,"Secheresse"
"72",3630,59,58,15,433.410485933504,101.661016949153,98.7241379310345,120.866666666667,"Secheresse"
"73",272,31,31,13,187.314285714286,199.741935483871,199.741935483871,175,"Secheresse"
"74",584,63,62,27,159.592105263158,173.746031746032,172.129032258065,161.777777777778,"Secheresse"
"75",19,0,0,0,91,NA,NA,NA,"Secheresse"
"76",238,26,26,9,164.269230769231,164.269230769231,164.269230769231,171.888888888889,"Secheresse"
"77",12893,295,293,39,523.107297830375,121.715254237288,121.928327645051,175,"Secheresse"
"78",7266,258,246,91,548.032863849765,116.639534883721,111.256097560976,134.692307692308,"Secheresse"
"79",10164,231,141,135,387.547334329846,212.649350649351,131.609929078014,132.125925925926,"Secheresse"
"80",70,13,12,10,248.882352941176,146.846153846154,151.5,163.6,"Secheresse"
"81",14950,458,249,218,258.772569444444,181.288840262582,120.100401606426,124.293577981651,"Secheresse"
"82",20635,209,95,73,431.727386934673,176.947368421053,114.242105263158,121.246575342466,"Secheresse"
"83",4930,282,160,111,288.583743842365,154.890070921986,175.1,189.477477477477,"Secheresse"
"84",5285,291,202,120,232.564102564103,168.841924398625,162.014851485149,186.616666666667,"Secheresse"
"85",6052,260,177,119,338.66339869281,200.457831325301,133.395209580838,150.638655462185,"Secheresse"
"86",16870,463,274,83,343.88921095008,211.665943600868,188,166.638554216867,"Secheresse"
"87",358,42,42,15,107.976744186047,108.380952380952,108.380952380952,91,"Secheresse"
"88",1812,224,213,6,172.686274509804,176.973821989529,171.1,91,"Secheresse"
"89",3940,410,410,50,175.895676691729,133.412195121951,133.412195121951,90,"Secheresse"
"90",509,70,68,4,168.416666666667,170.628571428571,166.264705882353,91,"Secheresse"
"91",6515,117,117,6,632.751225490196,112.965811965812,112.965811965812,90,"Secheresse"
"92",1593,32,32,1,347.767676767677,105.34375,105.34375,90,"Secheresse"
"93",2887,44,44,1,486.673780487805,97.2272727272727,97.2272727272727,182,"Secheresse"
"94",3744,44,44,0,481.846153846154,95.1818181818182,95.1818181818182,NA,"Secheresse"
"95",3850,103,94,22,514.438016528926,135.126213592233,125.787234042553,123.5,"Secheresse"
"4",172,6,1,1,0,0,0,0,"Seisme"
"5",4,0,0,0,0,NA,NA,NA,"Seisme"
"6",246,0,0,0,0,NA,NA,NA,"Seisme"
"7",340,24,24,0,0,0,0,NA,"Seisme"
"8",94,0,0,0,4.125,NA,NA,NA,"Seisme"
"9",120,0,0,0,0,NA,NA,NA,"Seisme"
"11",1192,0,0,0,0,NA,NA,NA,"Seisme"
"13",144,0,0,0,0.857142857142857,NA,NA,NA,"Seisme"
"16",8,0,0,0,0,NA,NA,NA,"Seisme"
"17",276,20,17,17,0.85,0.85,1,1,"Seisme"
"25",9,1,1,0,1,1,1,NA,"Seisme"
"26",380,18,18,0,0,0,0,NA,"Seisme"
"37",39,1,1,0,0.333333333333333,1,1,NA,"Seisme"
"38",71,1,1,1,0,0,0,0,"Seisme"
"49",19,1,1,0,0,0,0,NA,"Seisme"
"52",9,0,0,0,0,NA,NA,NA,"Seisme"
"53",6,0,0,0,0,NA,NA,NA,"Seisme"
"54",372,0,0,0,0,NA,NA,NA,"Seisme"
"55",38,0,0,0,0,NA,NA,NA,"Seisme"
"56",22,0,0,0,0,NA,NA,NA,"Seisme"
"57",92,0,0,0,0,NA,NA,NA,"Seisme"
"59",115,0,0,0,0,NA,NA,NA,"Seisme"
"62",10,1,1,1,3,3,3,3,"Seisme"
"64",20,0,0,0,0,NA,NA,NA,"Seisme"
"65",45,0,0,0,0,NA,NA,NA,"Seisme"
"66",820,0,0,0,0.00833333333333333,NA,NA,NA,"Seisme"
"68",29,0,0,0,0,NA,NA,NA,"Seisme"
"73",329,16,16,16,17.5744680851064,0.0625,0.0625,0.0625,"Seisme"
"74",1606,0,0,0,5.79504504504505,NA,NA,NA,"Seisme"
"79",90,6,6,6,1,1,1,1,"Seisme"
"85",85,6,6,6,1,1,1,1,"Seisme"
"88",322,0,0,0,0,NA,NA,NA,"Seisme"
"90",51,3,3,1,0,0,0,0,"Seisme"
"01",136,0,0,0,0.5,NA,NA,NA,"TNG"
"03",2530,0,0,0,4,NA,NA,NA,"TNG"
"06",3115,0,0,0,3.88095238095238,NA,NA,NA,"TNG"
"07",2749,0,0,0,4,NA,NA,NA,"TNG"
"08",92,0,0,0,1,NA,NA,NA,"TNG"
"09",3878,0,0,0,3.5,NA,NA,NA,"TNG"
"11",11207,4,4,4,3.49252013808976,1.33333333333333,1.33333333333333,1.33333333333333,"TNG"
"12",1234,0,0,0,4,NA,NA,NA,"TNG"
"13",1694,5,5,5,3.92741935483871,2.2,2.2,2.2,"TNG"
"14",3256,0,0,0,1,NA,NA,NA,"TNG"
"15",1273,0,0,0,4,NA,NA,NA,"TNG"
"16",3904,0,0,0,0,NA,NA,NA,"TNG"
"17",1209,0,0,0,0.952380952380952,NA,NA,NA,"TNG"
"18",2494,1,1,1,3.7516339869281,0,0,0,"TNG"
"19",2289,0,0,0,3.74509803921569,NA,NA,NA,"TNG"
"22",3026,0,0,0,1.80919540229885,NA,NA,NA,"TNG"
"23",1239,24,24,24,3.68571428571429,0.333333333333333,0.333333333333333,0.333333333333333,"TNG"
"24",13405,0,0,0,2.92261904761905,NA,NA,NA,"TNG"
"26",2706,0,0,0,4,NA,NA,NA,"TNG"
"27",334,0,0,0,0,NA,NA,NA,"TNG"
"28",112,0,0,0,1,NA,NA,NA,"TNG"
"29",3508,0,0,0,2.65042372881356,NA,NA,NA,"TNG"
"2A",36,0,0,0,4,NA,NA,NA,"TNG"
"2B",21,0,0,0,4,NA,NA,NA,"TNG"
"30",3858,0,0,0,4,NA,NA,NA,"TNG"
"31",6575,0,0,0,4,NA,NA,NA,"TNG"
"32",347,1,1,1,0,0,0,0,"TNG"
"33",14271,0,0,0,3.7246879334258,NA,NA,NA,"TNG"
"34",3596,0,0,0,4,NA,NA,NA,"TNG"
"35",1869,0,0,0,0.979411764705882,NA,NA,NA,"TNG"
"36",2254,0,0,0,4,NA,NA,NA,"TNG"
"38",3402,0,0,0,4,NA,NA,NA,"TNG"
"40",24,0,0,0,0,NA,NA,NA,"TNG"
"42",5120,0,0,0,2.94578313253012,NA,NA,NA,"TNG"
"43",2942,0,0,0,3,NA,NA,NA,"TNG"
"44",760,0,0,0,3,NA,NA,NA,"TNG"
"46",2750,0,0,0,3.53672316384181,NA,NA,NA,"TNG"
"47",6708,0,0,0,2.60369609856263,NA,NA,NA,"TNG"
"48",843,0,0,0,3.99013157894737,NA,NA,NA,"TNG"
"49",3404,0,0,0,0.594298245614035,NA,NA,NA,"TNG"
"50",3435,0,0,0,1.5016835016835,NA,NA,NA,"TNG"
"56",1503,0,0,0,0.99601593625498,NA,NA,NA,"TNG"
"58",2251,0,0,0,3.88125,NA,NA,NA,"TNG"
"59",792,71,71,71,2.24626865671642,2.24626865671642,2.24626865671642,2.24626865671642,"TNG"
"62",1044,121,121,121,2.65416666666667,2.65416666666667,2.65416666666667,2.65416666666667,"TNG"
"63",3321,6,6,6,3.94055201698514,0,0,0,"TNG"
"64",10675,0,0,0,3.11994784876141,NA,NA,NA,"TNG"
"65",3300,0,0,0,4,NA,NA,NA,"TNG"
"66",4098,0,0,0,3.59007832898172,NA,NA,NA,"TNG"
"69",6138,0,0,0,2.98513011152416,NA,NA,NA,"TNG"
"70",28,0,0,0,1,NA,NA,NA,"TNG"
"71",9615,6,6,6,2.97894736842105,1,1,1,"TNG"
"73",1381,0,0,0,4,NA,NA,NA,"TNG"
"74",1623,0,0,0,4,NA,NA,NA,"TNG"
"75",38,0,0,0,1,NA,NA,NA,"TNG"
"77",154,0,0,0,5,NA,NA,NA,"TNG"
"78",126,0,0,0,0,NA,NA,NA,"TNG"
"79",1498,0,0,0,1,NA,NA,NA,"TNG"
"80",11,3,3,3,2.66666666666667,2.66666666666667,2.66666666666667,2.66666666666667,"TNG"
"81",2830,0,0,0,4,NA,NA,NA,"TNG"
"82",2736,0,0,0,4,NA,NA,NA,"TNG"
"84",1622,2,2,2,3.94771241830065,0,0,0,"TNG"
"85",1732,0,0,0,21,NA,NA,NA,"TNG"
"86",2217,1,1,1,0.986486486486487,0,0,0,"TNG"
"87",950,0,0,0,4,NA,NA,NA,"TNG"
"92",30,0,0,0,1,NA,NA,NA,"TNG"
"4",4,0,0,0,0,NA,NA,NA,"Autres"
"5",52,2,1,0,1.36363636363636,0.5,0,NA,"Autres"
"6",91,1,0,0,2.125,0,NA,NA,"Autres"
"9",40,4,0,0,0.666666666666667,0.666666666666667,NA,NA,"Autres"
"26",4,0,0,0,0,NA,NA,NA,"Autres"
"31",7,1,0,0,0,0,NA,NA,"Autres"
"38",15,0,0,0,15.75,NA,NA,NA,"Autres"
"63",5,0,0,0,0,NA,NA,NA,"Autres"
"64",126,4,0,0,113.272727272727,366,NA,NA,"Autres"
"65",211,6,0,0,0.8,1.5,NA,NA,"Autres"
"66",856,0,0,0,2.94029850746269,NA,NA,NA,"Autres"
"73",478,4,4,0,3.0952380952381,0,0,NA,"Autres"
"74",266,4,3,0,0.210526315789474,0.75,0.666666666666667,NA,"Autres"
"06",6574,36,35,1,0.701515151515152,1.03888888888889,1.00574712643678,1,"Choc Mecanique"
"11",6045,9,2,0,2.93473451327434,1.1875,0,NA,"Choc Mecanique"
"13",98,2,0,0,1.5,0,NA,NA,"Choc Mecanique"
"14",454,10,5,0,1.48780487804878,1.5,0.2,NA,"Choc Mecanique"
"17",11129,1,0,0,2.91286307053942,1,NA,NA,"Choc Mecanique"
"22",2920,1,0,0,3.56109725685786,0,NA,NA,"Choc Mecanique"
"27",16,0,0,0,4,NA,NA,NA,"Choc Mecanique"
"29",1298,60,0,0,1.1030303030303,1.93333333333333,NA,NA,"Choc Mecanique"
"2A",462,29,29,0,0.98936170212766,1.35185185185185,1.35185185185185,NA,"Choc Mecanique"
"2B",1059,30,19,0,0.52,0.857142857142857,0.947368421052632,NA,"Choc Mecanique"
"30",14,0,0,0,3,NA,NA,NA,"Choc Mecanique"
"33",16885,3,3,0,3.44658493870403,0,0,NA,"Choc Mecanique"
"34",654,17,5,0,2.40540540540541,1.82352941176471,1.6,NA,"Choc Mecanique"
"35",81,3,1,0,1.11111111111111,1.33333333333333,0,NA,"Choc Mecanique"
"40",2278,6,0,0,2.98208955223881,2.66666666666667,NA,NA,"Choc Mecanique"
"44",331,2,0,0,0.787234042553192,5,NA,NA,"Choc Mecanique"
"50",473,12,6,0,1.6734693877551,1.16666666666667,0,NA,"Choc Mecanique"
"56",299,6,0,0,1.97959183673469,14.1666666666667,NA,NA,"Choc Mecanique"
"62",275,2,1,0,2.5,1,2,NA,"Choc Mecanique"
"64",11396,9,0,0,3.4577677224736,0.805555555555556,NA,NA,"Choc Mecanique"
"66",3627,26,6,0,2.76752767527675,1.81578947368421,1.66666666666667,NA,"Choc Mecanique"
"76",4974,3,1,0,3.92729766803841,0.666666666666667,0,NA,"Choc Mecanique"
"80",92,0,0,0,2.66666666666667,NA,NA,NA,"Choc Mecanique"
"83",1096,12,12,0,0.833333333333333,0.954545454545455,0.954545454545455,NA,"Choc Mecanique"
"85",2842,0,0,0,2.10830324909747,NA,NA,NA,"Choc Mecanique"
"01",16,0,0,0,0.333333333333333,NA,NA,NA,"Glissement"
"02",7,0,0,0,58,NA,NA,NA,"Glissement"
"04",393,0,0,0,5.38793103448276,NA,NA,NA,"Glissement"
"05",97,0,0,0,3.86538461538462,NA,NA,NA,"Glissement"
"06",4748,0,0,0,15.378978978979,NA,NA,NA,"Glissement"
"07",29,0,0,0,3,NA,NA,NA,"Glissement"
"09",68,0,0,0,310.333333333333,NA,NA,NA,"Glissement"
"12",53,0,0,0,73.625,NA,NA,NA,"Glissement"
"13",84,0,0,0,0.666666666666667,NA,NA,NA,"Glissement"
"14",78,0,0,0,1.875,NA,NA,NA,"Glissement"
"15",143,0,0,0,176.294117647059,NA,NA,NA,"Glissement"
"18",11,0,0,0,1,NA,NA,NA,"Glissement"
"19",261,0,0,0,17.6578947368421,NA,NA,NA,"Glissement"
"22",10,0,0,0,0,NA,NA,NA,"Glissement"
"24",55,0,0,0,10,NA,NA,NA,"Glissement"
"25",13,0,0,0,200,NA,NA,NA,"Glissement"
"26",1960,0,0,0,10.9545454545455,NA,NA,NA,"Glissement"
"27",149,0,0,0,38.0980392156863,NA,NA,NA,"Glissement"
"28",60,0,0,0,68,NA,NA,NA,"Glissement"
"29",75,0,0,0,5.375,NA,NA,NA,"Glissement"
"2A",27,0,0,0,1,NA,NA,NA,"Glissement"
"2B",381,0,0,0,1.03571428571429,NA,NA,NA,"Glissement"
"30",1049,0,0,0,0.766233766233766,NA,NA,NA,"Glissement"
"31",577,0,0,0,182.416666666667,NA,NA,NA,"Glissement"
"32",35,0,0,0,35.25,NA,NA,NA,"Glissement"
"33",368,0,0,0,19.9,NA,NA,NA,"Glissement"
"34",1032,0,0,0,11.2634408602151,NA,NA,NA,"Glissement"
"35",24,0,0,0,0.666666666666667,NA,NA,NA,"Glissement"
"37",159,0,0,0,0.454545454545455,NA,NA,NA,"Glissement"
"38",3136,0,0,0,2.5,NA,NA,NA,"Glissement"
"39",2444,0,0,0,60,NA,NA,NA,"Glissement"
"40",30,0,0,0,0,NA,NA,NA,"Glissement"
"41",774,0,0,0,23.4736842105263,NA,NA,NA,"Glissement"
"42",2348,0,0,0,29.8501683501683,NA,NA,NA,"Glissement"
"43",62,0,0,0,5.33333333333333,NA,NA,NA,"Glissement"
"45",7,0,0,0,760,NA,NA,NA,"Glissement"
"46",140,0,0,0,144.8125,NA,NA,NA,"Glissement"
"47",74,0,0,0,51.75,NA,NA,NA,"Glissement"
"48",44,0,0,0,36.4,NA,NA,NA,"Glissement"
"49",151,0,0,0,86.2857142857143,NA,NA,NA,"Glissement"
"51",9,0,0,0,0,NA,NA,NA,"Glissement"
"52",6,0,0,0,30,NA,NA,NA,"Glissement"
"54",1581,0,0,0,23.3378378378378,NA,NA,NA,"Glissement"
"55",10,0,0,0,0,NA,NA,NA,"Glissement"
"56",8,0,0,0,10,NA,NA,NA,"Glissement"
"57",69,0,0,0,417.857142857143,NA,NA,NA,"Glissement"
"59",50,0,0,0,15.625,NA,NA,NA,"Glissement"
"62",47,0,0,0,31.7857142857143,NA,NA,NA,"Glissement"
"63",16,0,0,0,0,NA,NA,NA,"Glissement"
"64",263,0,0,0,172.1875,NA,NA,NA,"Glissement"
"65",165,0,0,0,24.2142857142857,NA,NA,NA,"Glissement"
"66",42,0,0,0,7.75,NA,NA,NA,"Glissement"
"67",1507,0,0,0,7,NA,NA,NA,"Glissement"
"68",819,0,0,0,1.99152542372881,NA,NA,NA,"Glissement"
"69",6215,0,0,0,28.974358974359,NA,NA,NA,"Glissement"
"71",1477,0,0,0,28.4395161290323,NA,NA,NA,"Glissement"
"72",73,0,0,0,79.8,NA,NA,NA,"Glissement"
"73",201,0,0,0,9.1578947368421,NA,NA,NA,"Glissement"
"74",887,0,0,0,26.2364864864865,NA,NA,NA,"Glissement"
"76",624,0,0,0,35.3770491803279,NA,NA,NA,"Glissement"
"77",773,0,0,0,7.20634920634921,NA,NA,NA,"Glissement"
"78",21,0,0,0,0,NA,NA,NA,"Glissement"
"81",1544,0,0,0,6.63973063973064,NA,NA,NA,"Glissement"
"82",192,0,0,0,125.888888888889,NA,NA,NA,"Glissement"
"83",91,0,0,0,146.25,NA,NA,NA,"Glissement"
"84",50,0,0,0,3.75,NA,NA,NA,"Glissement"
"85",21,0,0,0,0,NA,NA,NA,"Glissement"
"86",46,0,0,0,6.66666666666667,NA,NA,NA,"Glissement"
"93",40,0,0,0,15,NA,NA,NA,"Glissement"
"95",139,0,0,0,23.2727272727273,NA,NA,NA,"Glissement"
